City_ID,City,Lat,Lng,Max Temp,Humidity,Cloudiness,Wind Speed,Country,Current Description,Rain(inches),Snow(inches),Date
0,Bethel,41.37,-73.41,73.4,69,1,5.82,US,clear sky,0.0,0,2020-06-21 02:12:20
1,Havre-Saint-Pierre,50.23,-63.6,51.8,87,1,3.36,CA,clear sky,0.0,0,2020-06-21 02:12:20
2,Kapaa,22.08,-159.32,84.2,66,40,11.41,US,scattered clouds,0.0,0,2020-06-21 02:12:20
3,Alofi,-19.06,-169.92,78.8,78,100,14.99,NU,overcast clouds,0.0,0,2020-06-21 02:10:38
4,Puerto Ayora,-0.74,-90.35,69.01,96,82,9.19,EC,broken clouds,0.0,0,2020-06-21 02:07:28
5,Sangar,63.92,127.47,73.29,56,37,8.23,RU,light rain,0.25,0,2020-06-21 02:11:36
6,Opuwo,-18.06,13.84,48.9,57,0,5.41,NA,clear sky,0.0,0,2020-06-21 02:12:21
7,Husavik,66.04,-17.34,53.6,62,0,21.92,IS,clear sky,0.0,0,2020-06-21 02:12:03
8,Busselton,-33.65,115.33,57.99,49,0,5.39,AU,clear sky,0.0,0,2020-06-21 02:12:22
9,Aykhal,66.0,111.5,73.4,40,27,6.71,RU,scattered clouds,0.0,0,2020-06-21 02:11:45
10,Ushuaia,-54.8,-68.3,37.4,88,75,8.05,AR,broken clouds,0.0,0,2020-06-21 02:10:35
11,Vaini,-21.2,-175.2,78.8,83,75,10.29,TO,broken clouds,0.0,0,2020-06-21 02:12:23
12,Ahipara,-35.17,173.17,60.55,78,69,9.42,NZ,broken clouds,0.0,0,2020-06-21 02:12:10
13,Paamiut,61.99,-49.67,39.72,87,89,20.31,GL,overcast clouds,0.0,0,2020-06-21 02:12:08
14,Lapua,62.97,23.01,59.0,87,1,4.27,FI,clear sky,0.0,0,2020-06-21 02:12:23
15,Rikitea,-23.12,-134.97,74.86,86,66,17.0,PF,broken clouds,0.0,0,2020-06-21 02:12:24
16,Roald,62.58,6.13,62.01,93,100,4.7,NO,overcast clouds,0.0,0,2020-06-21 02:12:24
17,Albany,42.6,-73.97,78.01,88,12,2.57,US,few clouds,0.0,0,2020-06-21 02:09:55
18,Grindavik,63.84,-22.43,51.8,81,75,6.93,IS,broken clouds,0.0,0,2020-06-21 02:12:25
19,Hermanus,-34.42,19.23,55.99,94,15,5.99,ZA,few clouds,0.0,0,2020-06-21 02:12:25
20,Tecoanapa,16.52,-98.75,82.0,82,100,3.65,MX,moderate rain,1.94,0,2020-06-21 02:12:25
21,Hearst,49.68,-83.67,62.15,94,100,3.18,CA,moderate rain,1.88,0,2020-06-21 02:12:25
22,Mar Del Plata,-38.0,-57.56,52.0,93,100,9.13,AR,overcast clouds,0.0,0,2020-06-21 02:12:26
23,Guerrero Negro,27.98,-114.06,64.92,77,0,19.91,MX,clear sky,0.0,0,2020-06-21 02:12:26
24,Atuona,-9.8,-139.03,80.24,66,0,11.83,PF,clear sky,0.0,0,2020-06-21 02:09:55
25,Upernavik,72.79,-56.15,39.76,73,0,8.52,GL,clear sky,0.0,0,2020-06-21 02:08:24
26,Dulce Grande,23.0,-102.17,77.65,36,40,9.78,MX,scattered clouds,0.0,0,2020-06-21 02:12:26
27,Touros,-5.2,-35.46,71.6,100,0,2.24,BR,clear sky,0.0,0,2020-06-21 02:09:55
28,Dalvik,65.97,-18.53,53.6,62,0,21.92,IS,clear sky,0.0,0,2020-06-21 02:12:27
29,Vangaindrano,-23.35,47.6,65.41,91,100,3.53,MG,light rain,0.34,0,2020-06-21 02:12:27
30,Saint-Philippe,-21.36,55.77,71.6,72,90,8.05,RE,overcast clouds,0.0,0,2020-06-21 02:12:28
31,Luderitz,-26.65,15.16,59.0,58,0,5.82,NA,clear sky,0.0,0,2020-06-21 02:12:28
32,Allende,25.28,-100.02,89.6,52,40,8.05,MX,scattered clouds,0.0,0,2020-06-21 02:12:28
33,Bengkulu,-3.8,102.27,79.41,79,100,1.97,ID,overcast clouds,0.0,0,2020-06-21 02:11:13
34,New Norfolk,-42.78,147.06,48.99,92,100,1.28,AU,overcast clouds,0.0,0,2020-06-21 02:12:28
35,Qaanaaq,77.48,-69.36,38.46,73,40,7.63,GL,scattered clouds,0.0,0,2020-06-21 02:12:29
36,Naze,28.37,129.48,78.8,94,75,19.46,JP,shower rain,0.0,0,2020-06-21 02:12:29
37,Nurota,40.56,65.69,68.0,42,0,11.41,UZ,clear sky,0.0,0,2020-06-21 02:12:29
38,Souillac,-20.52,57.52,68.0,100,75,12.75,MU,light intensity shower rain,0.0,0,2020-06-21 02:12:29
39,Port Hardy,50.7,-127.42,55.4,87,90,5.82,CA,overcast clouds,0.0,0,2020-06-21 02:12:30
40,Port Elizabeth,-33.92,25.57,60.8,87,0,8.05,ZA,clear sky,0.0,0,2020-06-21 02:13:45
41,Saskylakh,71.92,114.08,78.51,39,100,6.26,RU,overcast clouds,0.0,0,2020-06-21 02:09:51
42,Norman Wells,65.28,-126.83,64.4,88,90,14.99,CA,light intensity shower rain,0.0,0,2020-06-21 02:13:46
43,Hilo,19.73,-155.09,82.4,54,75,9.17,US,broken clouds,0.0,0,2020-06-21 02:11:53
44,Marzuq,14.4,46.47,81.25,34,9,4.21,YE,clear sky,0.0,0,2020-06-21 02:13:46
45,Lebu,-37.62,-73.65,49.62,80,0,1.79,CL,clear sky,0.0,0,2020-06-21 02:13:46
46,Sohag,26.56,31.69,77.0,36,0,5.82,EG,clear sky,0.0,0,2020-06-21 02:13:47
47,Cape Town,-33.93,18.42,60.01,87,40,11.41,ZA,scattered clouds,0.0,0,2020-06-21 02:10:35
48,Turayf,31.67,38.66,66.2,77,0,6.93,SA,clear sky,0.0,0,2020-06-21 02:13:47
49,Barrow,71.29,-156.79,37.4,74,75,11.41,US,broken clouds,0.0,0,2020-06-21 02:13:47
50,Verkhoyansk,67.54,133.38,92.91,17,0,10.16,RU,clear sky,0.0,0,2020-06-21 02:13:47
51,Thompson,55.74,-97.86,51.8,93,75,11.41,CA,broken clouds,0.0,0,2020-06-21 02:09:55
52,Ribeira Grande,38.52,-28.7,65.68,91,13,9.84,PT,few clouds,0.0,0,2020-06-21 02:13:48
53,Guymon,36.68,-101.48,80.6,44,1,9.17,US,clear sky,0.0,0,2020-06-21 02:13:49
54,Iqaluit,63.75,-68.51,42.8,75,90,1.9,CA,overcast clouds,0.0,0,2020-06-21 02:10:26
55,Talnakh,69.49,88.4,48.2,70,40,15.66,RU,scattered clouds,0.0,0,2020-06-21 02:13:49
56,Atbasar,51.8,68.33,61.74,41,0,18.39,KZ,clear sky,0.0,0,2020-06-21 02:13:50
57,Oytal,42.91,73.27,67.84,39,0,6.8,KZ,clear sky,0.0,0,2020-06-21 02:13:50
58,Byron Bay,-28.65,153.62,71.01,72,40,6.93,AU,scattered clouds,0.0,0,2020-06-21 02:13:28
59,East London,-33.02,27.91,72.5,27,0,15.12,ZA,clear sky,0.0,0,2020-06-21 02:13:51
60,Soliera,44.74,10.93,71.01,72,86,1.72,IT,overcast clouds,0.0,0,2020-06-21 02:13:51
61,Hithadhoo,-0.6,73.08,83.48,71,67,7.0,MV,broken clouds,0.0,0,2020-06-21 02:10:42
62,Luang Prabang,19.89,102.13,80.6,83,40,2.24,LA,scattered clouds,0.0,0,2020-06-21 02:13:51
63,Provideniya,64.38,-173.3,62.46,34,0,10.96,RU,clear sky,0.0,0,2020-06-21 02:13:51
64,Copiapo,-27.37,-70.33,53.6,93,90,6.93,CL,mist,0.0,0,2020-06-21 02:13:52
65,Punta Arenas,-53.15,-70.92,33.8,83,100,4.7,CL,overcast clouds,0.0,0,2020-06-21 02:09:53
66,Coquimbo,-29.95,-71.34,53.6,93,73,4.7,CL,broken clouds,0.0,0,2020-06-21 02:13:52
67,Ancud,-41.87,-73.82,42.01,100,20,6.93,CL,few clouds,0.0,0,2020-06-21 02:13:53
68,Cidreira,-30.18,-50.21,66.18,85,0,10.78,BR,clear sky,0.0,0,2020-06-21 02:10:58
69,Tobane,-21.95,27.9,47.28,61,0,2.04,BW,clear sky,0.0,0,2020-06-21 02:13:53
70,San Rafael,-34.62,-68.33,52.25,46,16,5.26,AR,few clouds,0.0,0,2020-06-21 02:13:53
71,Port Alfred,-33.59,26.89,63.0,90,0,5.01,ZA,clear sky,0.0,0,2020-06-21 02:13:54
72,Carnarvon,-24.87,113.63,68.0,68,0,4.7,AU,clear sky,0.0,0,2020-06-21 02:13:54
73,Brownsville,25.9,-97.5,86.0,70,1,10.29,US,clear sky,0.0,0,2020-06-21 02:13:54
74,Tocantins,-10.5,-48.0,73.4,78,100,3.36,BR,overcast clouds,0.0,0,2020-06-21 02:13:54
75,Castro,-24.79,-50.01,56.62,86,0,3.89,BR,clear sky,0.0,0,2020-06-21 02:11:00
76,Merauke,-8.47,140.33,81.23,73,66,12.84,ID,broken clouds,0.0,0,2020-06-21 02:13:55
77,Chuy,-33.7,-53.46,57.27,93,99,9.53,UY,light rain,0.57,0,2020-06-21 02:10:45
78,Lagoa,39.05,-27.98,65.35,92,0,15.61,PT,clear sky,0.0,0,2020-06-21 02:13:55
79,Cajnice,43.56,19.07,51.8,100,94,11.41,BA,overcast clouds,0.0,0,2020-06-21 02:13:56
80,Ossora,59.24,163.07,61.92,62,0,7.96,RU,clear sky,0.0,0,2020-06-21 02:13:56
81,Tual,-5.67,132.75,80.46,80,88,21.92,ID,overcast clouds,0.0,0,2020-06-21 02:13:56
82,Klaksvik,62.23,-6.59,51.8,93,95,16.11,FO,overcast clouds,0.0,0,2020-06-21 02:13:57
83,Ilulissat,69.22,-51.1,46.4,49,71,6.93,GL,broken clouds,0.0,0,2020-06-21 02:13:57
84,San Joaquin,10.26,-67.79,74.93,86,91,1.59,VE,overcast clouds,0.0,0,2020-06-21 02:13:58
85,Matagami,49.75,-77.63,71.6,83,90,5.82,CA,overcast clouds,0.0,0,2020-06-21 02:12:10
86,Mahebourg,-20.41,57.7,68.0,100,75,12.75,MU,light intensity shower rain,0.0,0,2020-06-21 02:13:58
87,Bambous Virieux,-20.34,57.76,69.01,100,75,12.75,MU,light intensity shower rain,0.0,0,2020-06-21 02:13:58
88,Rosetta,31.4,30.42,68.0,82,0,5.82,EG,clear sky,0.0,0,2020-06-21 02:15:14
89,Vila Franca Do Campo,37.72,-25.43,64.4,93,75,8.05,PT,broken clouds,0.0,0,2020-06-21 02:15:14
90,Port Hedland,-20.32,118.57,75.2,22,0,21.92,AU,clear sky,0.0,0,2020-06-21 02:10:27
91,Panzhihua,26.59,101.71,82.15,61,100,3.56,CN,light rain,0.35,0,2020-06-21 02:15:15
92,Yulara,-25.24,130.99,55.4,37,0,10.29,AU,clear sky,0.0,0,2020-06-21 02:15:15
93,Kloulklubed,7.04,134.26,86.0,74,75,8.05,PW,broken clouds,0.0,0,2020-06-21 02:11:19
94,Uthal,25.81,66.62,83.14,78,19,2.17,PK,few clouds,0.0,0,2020-06-21 02:15:16
95,Kruisfontein,-34.0,24.73,54.84,95,41,7.11,ZA,scattered clouds,0.0,0,2020-06-21 02:15:16
96,Biga,40.23,27.24,68.0,72,0,2.24,TR,clear sky,0.0,0,2020-06-21 02:15:16
97,Bluff,-46.6,168.33,46.13,72,4,6.64,NZ,clear sky,0.0,0,2020-06-21 02:15:17
98,Clarence Town,-32.58,151.78,55.99,93,90,4.03,AU,light intensity shower rain,0.0,0,2020-06-21 02:15:17
99,Codrington,-38.27,141.97,53.11,72,100,4.68,AU,overcast clouds,0.0,0,2020-06-21 02:15:17
100,Flin Flon,54.77,-101.86,51.51,75,86,3.98,CA,overcast clouds,0.0,0,2020-06-21 02:15:17
101,Matara,5.95,80.54,82.42,81,67,12.62,LK,broken clouds,0.0,0,2020-06-21 02:15:17
102,Mataura,-46.19,168.86,46.36,71,2,2.89,NZ,clear sky,0.0,0,2020-06-21 02:14:02
103,Dikson,73.51,80.55,35.58,86,100,22.91,RU,light rain,0.72,0,2020-06-21 02:15:18
104,Butaritari,3.07,172.79,83.8,76,100,12.33,KI,overcast clouds,0.0,0,2020-06-21 02:10:41
105,Chapais,49.78,-74.85,68.0,77,75,9.17,CA,broken clouds,0.0,0,2020-06-21 02:14:18
106,Kodiak,57.79,-152.41,53.6,81,90,13.87,US,overcast clouds,0.0,0,2020-06-21 02:15:19
107,Gravdal,68.12,13.5,58.1,68,0,5.59,NO,clear sky,0.0,0,2020-06-21 02:15:19
108,Beaverlodge,55.22,-119.44,66.2,63,90,5.82,CA,overcast clouds,0.0,0,2020-06-21 02:15:19
109,Khatanga,71.97,102.5,67.8,44,57,12.53,RU,broken clouds,0.0,0,2020-06-21 02:15:20
110,Okha,53.57,142.95,42.01,93,100,10.13,RU,overcast clouds,0.0,0,2020-06-21 02:15:20
111,Pisco,-13.7,-76.22,64.4,77,75,4.7,PE,broken clouds,0.0,0,2020-06-21 02:15:22
112,Aklavik,68.22,-135.01,50.0,71,90,9.17,CA,overcast clouds,0.0,0,2020-06-21 02:15:23
113,Jamame,0.07,42.75,76.71,80,65,11.12,SO,broken clouds,0.0,0,2020-06-21 02:15:23
114,Korla,41.76,86.15,77.0,68,0,4.0,CN,clear sky,0.0,0,2020-06-21 02:15:24
115,Loandjili,-4.76,11.86,72.84,93,10,6.17,CG,clear sky,0.0,0,2020-06-21 02:15:24
116,Daoukro,7.06,-3.96,71.92,97,100,3.15,CI,overcast clouds,0.0,0,2020-06-21 02:15:24
117,Geraldton,-28.77,114.6,62.6,63,0,2.24,AU,clear sky,0.0,0,2020-06-21 02:15:24
118,Bilibino,68.05,166.44,82.96,25,74,16.06,RU,broken clouds,0.0,0,2020-06-21 02:15:25
119,Krasnoselkup,65.7,82.47,51.75,65,9,18.48,RU,clear sky,0.0,0,2020-06-21 02:15:25
120,Villaviciosa,43.48,-5.44,60.01,84,92,3.74,ES,overcast clouds,0.0,0,2020-06-21 02:15:25
121,Ketchikan,55.34,-131.65,57.2,71,90,11.41,US,overcast clouds,0.0,0,2020-06-21 02:15:26
122,Osorno,-40.57,-73.15,41.0,100,1,2.24,CL,mist,0.0,0,2020-06-21 02:15:26
123,Esperance,-33.87,121.9,46.4,93,0,10.29,AU,clear sky,0.0,0,2020-06-21 02:10:41
124,Evans,33.53,-82.13,84.2,51,1,2.37,US,clear sky,0.0,0,2020-06-21 02:11:13
125,Yerbogachen,61.28,108.01,74.46,51,0,6.38,RU,light rain,0.12,0,2020-06-21 02:12:06
126,Avarua,-21.21,-159.78,75.2,60,100,12.75,CK,overcast clouds,0.0,0,2020-06-21 02:10:38
127,Troitsko-Pechorsk,62.71,56.2,43.18,92,100,11.34,RU,light rain,0.28,0,2020-06-21 02:15:28
128,Meulaboh,4.14,96.13,82.71,70,74,3.85,ID,broken clouds,0.0,0,2020-06-21 02:15:29
129,Port Blair,11.67,92.75,84.15,78,100,10.67,IN,overcast clouds,0.0,0,2020-06-21 02:15:31
130,Fengrun,39.83,118.12,90.0,16,19,11.99,CN,few clouds,0.0,0,2020-06-21 02:15:31
131,Nikolskoye,59.7,30.79,55.99,66,0,8.95,RU,clear sky,0.0,0,2020-06-21 02:10:56
132,Pontianak,-0.03,109.33,76.08,94,100,4.79,ID,light rain,0.13,0,2020-06-21 02:14:20
133,Outjo,-20.12,16.15,45.16,58,0,4.9,NA,clear sky,0.0,0,2020-06-21 02:15:32
134,Manyana,-23.4,21.72,46.8,61,49,6.26,BW,scattered clouds,0.0,0,2020-06-21 02:15:32
135,Qabaqcol,41.72,46.26,68.0,72,20,6.93,AZ,few clouds,0.0,0,2020-06-21 02:15:33
136,San Patricio,19.22,-104.7,82.4,78,40,6.93,MX,scattered clouds,0.0,0,2020-06-21 02:15:33
137,Tasiilaq,65.61,-37.64,44.6,70,100,25.28,GL,light intensity shower rain,0.0,0,2020-06-21 02:15:34
138,Haines Junction,60.75,-137.51,57.06,55,33,9.69,CA,scattered clouds,0.0,0,2020-06-21 02:11:36
139,Pereyaslovskaya,45.84,39.02,63.95,92,23,5.64,RU,few clouds,0.0,0,2020-06-21 02:15:34
140,Krasnoturansk,54.32,91.56,50.0,93,75,11.18,RU,light intensity shower rain,0.0,0,2020-06-21 02:15:34
141,Sobolevo,54.43,31.9,62.56,97,97,9.78,RU,overcast clouds,0.0,0,2020-06-21 02:15:35
142,Koslan,63.46,48.9,41.45,68,92,13.6,RU,overcast clouds,0.0,0,2020-06-21 02:15:35
143,Yatou,37.15,122.38,77.85,57,0,12.03,CN,clear sky,0.0,0,2020-06-21 02:15:35
144,Maumere,-8.62,122.21,82.6,69,54,3.4,ID,broken clouds,0.0,0,2020-06-21 02:15:35
145,Marsaxlokk,35.84,14.54,70.0,72,0,12.75,MT,clear sky,0.0,0,2020-06-21 02:12:03
146,Umm Kaddadah,13.6,26.69,85.71,14,0,7.74,SD,clear sky,0.0,0,2020-06-21 02:15:36
147,Ilhabela,-23.78,-45.36,73.4,64,0,3.36,BR,clear sky,0.0,0,2020-06-21 02:15:36
148,Pangody,65.85,74.49,51.84,69,34,15.55,RU,light rain,0.11,0,2020-06-21 02:15:36
149,Lata,40.16,-8.33,62.01,97,0,1.99,PT,clear sky,0.0,0,2020-06-21 02:15:37
150,Tilichiki,60.47,166.1,63.5,62,2,5.44,RU,clear sky,0.0,0,2020-06-21 02:14:08
151,Launceston,-41.45,147.17,53.01,87,40,4.7,AU,scattered clouds,0.0,0,2020-06-21 02:15:37
152,Cuenca,-2.88,-78.98,59.0,82,100,4.7,EC,moderate rain,1.67,0,2020-06-21 02:15:37
153,Grand-Santi,4.25,-54.38,73.38,96,100,1.97,GF,light rain,0.6,0,2020-06-21 02:15:38
154,Katsuura,35.13,140.3,79.0,73,75,12.75,JP,broken clouds,0.0,0,2020-06-21 02:15:39
155,Mount Gambier,-37.83,140.77,51.8,93,75,5.82,AU,broken clouds,0.0,0,2020-06-21 02:14:15
156,Douentza,15.0,-2.95,91.09,32,0,5.95,ML,clear sky,0.0,0,2020-06-21 02:15:40
157,Narsaq,60.92,-46.05,46.4,61,81,4.7,GL,broken clouds,0.0,0,2020-06-21 02:15:40
158,Carroll,39.55,-77.02,69.01,100,93,4.54,US,light rain,0.76,0,2020-06-21 02:15:40
159,Matola,-25.96,32.46,60.01,100,0,4.7,MZ,clear sky,0.0,0,2020-06-21 02:15:41
160,Qaqortoq,60.72,-46.03,46.4,61,89,4.7,GL,overcast clouds,0.0,0,2020-06-21 02:15:41
161,Gizo,-8.1,156.84,84.4,72,43,6.78,SB,light rain,0.64,0,2020-06-21 02:15:41
162,Fernley,39.61,-119.25,88.0,15,66,8.01,US,broken clouds,0.0,0,2020-06-21 02:15:41
163,Tiksi,71.69,128.87,68.49,34,0,5.48,RU,clear sky,0.0,0,2020-06-21 02:10:49
164,Galle,6.04,80.22,82.8,81,93,13.53,LK,overcast clouds,0.0,0,2020-06-21 02:15:42
165,Lagos,6.58,3.75,73.4,94,20,2.24,NG,few clouds,0.0,0,2020-06-21 02:15:42
166,Hobart,-42.88,147.33,48.99,93,75,4.7,AU,light rain,0.0,0,2020-06-21 02:13:06
167,Orikum,40.33,19.47,67.53,78,2,8.99,AL,clear sky,0.0,0,2020-06-21 02:15:43
168,Bredasdorp,-34.53,20.04,55.4,87,0,5.39,ZA,clear sky,0.0,0,2020-06-21 02:15:43
169,La Ronge,55.1,-105.28,53.6,62,90,3.36,CA,overcast clouds,0.0,0,2020-06-21 02:15:43
170,Tuatapere,-46.13,167.68,46.54,69,6,3.53,NZ,clear sky,0.0,0,2020-06-21 02:15:44
171,Spanish Town,17.99,-76.96,86.0,70,20,17.22,JM,few clouds,0.0,0,2020-06-21 02:15:44
172,Tuktoyaktuk,69.45,-133.04,42.8,87,90,11.41,CA,overcast clouds,0.0,0,2020-06-21 02:15:44
173,Bathsheba,13.22,-59.52,82.4,78,40,18.34,BB,scattered clouds,0.0,0,2020-06-21 02:15:45
174,Zalantun,48.0,122.72,72.82,49,7,10.09,CN,clear sky,0.0,0,2020-06-21 02:15:45
175,Kaniama,-7.57,24.18,63.36,57,57,4.97,CD,broken clouds,0.0,0,2020-06-21 02:15:45
176,Imbituba,-28.24,-48.67,69.8,88,1,5.82,BR,clear sky,0.0,0,2020-06-21 02:15:45
177,Batagay,67.63,134.63,91.98,18,0,5.73,RU,clear sky,0.0,0,2020-06-21 02:15:45
178,Ware,51.81,-0.03,59.0,82,100,1.01,GB,overcast clouds,0.0,0,2020-06-21 02:15:46
179,Biak,-0.91,122.88,81.73,74,62,8.32,ID,light rain,0.23,0,2020-06-21 02:15:46
180,Jamestown,42.1,-79.24,73.0,88,20,5.82,US,few clouds,0.0,0,2020-06-21 02:14:08
181,Verkhnevilyuysk,63.45,120.32,81.59,38,80,4.59,RU,broken clouds,0.0,0,2020-06-21 02:12:06
182,Faanui,-16.48,-151.75,79.41,81,100,11.81,PF,light rain,0.34,0,2020-06-21 02:15:47
183,Sooke,48.37,-123.73,66.0,87,90,8.05,CA,shower rain,0.0,0,2020-06-21 02:15:47
184,Saint George,37.1,-113.58,97.0,7,1,11.41,US,clear sky,0.0,0,2020-06-21 02:11:47
185,Sao Joao Da Barra,-21.64,-41.05,72.84,89,0,10.51,BR,clear sky,0.0,0,2020-06-21 02:15:48
186,Kirakira,-10.45,161.92,84.54,68,100,10.2,SB,overcast clouds,0.0,0,2020-06-21 02:15:48
187,Vanavara,60.34,102.28,74.17,41,40,4.68,RU,scattered clouds,0.0,0,2020-06-21 02:15:48
188,Kaa-Khem,51.68,94.73,69.13,43,11,0.87,RU,few clouds,0.0,0,2020-06-21 02:15:49
189,Nogliki,51.83,143.17,45.57,83,98,8.39,RU,overcast clouds,0.0,0,2020-06-21 02:15:49
190,Fortuna,40.6,-124.16,66.0,88,20,10.29,US,few clouds,0.0,0,2020-06-21 02:15:49
191,Severo-Kurilsk,50.68,156.12,43.86,88,100,19.73,RU,overcast clouds,0.0,0,2020-06-21 02:10:58
192,Svobodnyy,51.4,128.13,54.21,92,100,12.12,RU,light rain,0.37,0,2020-06-21 02:15:50
193,At-Bashi,41.17,75.81,58.14,34,0,0.92,KG,clear sky,0.0,0,2020-06-21 02:15:50
194,Nanortalik,60.14,-45.24,40.21,83,100,4.88,GL,overcast clouds,0.0,0,2020-06-21 02:11:01
195,Lively,46.43,-81.15,69.8,60,20,8.05,CA,few clouds,0.0,0,2020-06-21 02:15:51
196,Sao Filipe,14.9,-24.5,75.15,82,2,9.66,CV,clear sky,0.0,0,2020-06-21 02:15:51
197,Xuddur,4.12,43.89,70.74,71,9,20.09,SO,clear sky,0.0,0,2020-06-21 02:15:51
198,Luocheng,29.38,104.03,74.82,82,100,3.0,CN,overcast clouds,0.0,0,2020-06-21 02:15:51
199,Singkang,2.1,102.8,77.0,88,40,3.36,MY,thunderstorm with light rain,0.0,0,2020-06-21 02:15:52
200,Chimoio,-19.12,33.48,55.4,93,20,2.98,MZ,few clouds,0.0,0,2020-06-21 02:15:52
201,Ayan,56.45,138.17,42.21,98,100,8.3,RU,light rain,0.13,0,2020-06-21 02:15:52
202,Turochak,52.26,87.12,46.33,94,100,4.41,RU,light rain,0.56,0,2020-06-21 02:15:52
203,Srednekolymsk,67.45,153.68,89.31,21,22,9.17,RU,few clouds,0.0,0,2020-06-21 02:15:53
204,Fiumicino,41.77,12.23,68.0,82,15,3.36,IT,few clouds,0.0,0,2020-06-21 02:15:53
205,Isangel,-19.55,169.27,74.66,71,14,15.79,VU,few clouds,0.0,0,2020-06-21 02:15:53
206,Baghdad,33.34,44.4,80.6,36,0,4.7,IQ,clear sky,0.0,0,2020-06-21 02:15:54
207,Mareeba,-17.0,145.43,78.8,74,90,12.75,AU,overcast clouds,0.0,0,2020-06-21 02:15:54
208,Kudahuvadhoo,2.67,72.89,83.48,76,99,10.6,MV,overcast clouds,0.0,0,2020-06-21 02:15:54
209,Shelburne,44.08,-80.2,73.99,73,20,1.86,CA,few clouds,0.0,0,2020-06-21 02:15:05
210,Teguise,29.06,-13.56,69.8,77,1,13.87,ES,clear sky,0.0,0,2020-06-21 02:15:54
211,Nhulunbuy,-12.23,136.77,80.71,61,0,14.74,AU,clear sky,0.0,0,2020-06-21 02:15:55
212,Bonthe,7.53,-12.51,77.67,82,98,3.62,SL,overcast clouds,0.0,0,2020-06-21 02:15:55
213,Yambio,4.57,28.4,65.32,97,5,3.2,SS,clear sky,0.0,0,2020-06-21 02:15:55
214,Dongsheng,39.82,109.98,78.75,35,55,15.7,CN,broken clouds,0.0,0,2020-06-21 02:15:56
215,Torbay,47.67,-52.73,42.01,93,40,3.36,CA,scattered clouds,0.0,0,2020-06-21 02:15:56
216,Arraial Do Cabo,-22.97,-42.03,73.8,87,0,12.41,BR,clear sky,0.0,0,2020-06-21 02:15:56
217,Asosa,10.07,34.53,63.14,98,98,3.06,ET,light rain,0.28,0,2020-06-21 02:15:57
218,Colorines,19.2,-100.17,66.2,63,75,13.87,MX,broken clouds,0.0,0,2020-06-21 02:15:57
219,Pervomayskoye,43.92,46.71,67.12,69,96,5.73,RU,overcast clouds,0.0,0,2020-06-21 02:15:57
220,Kaitangata,-46.28,169.85,48.0,68,34,4.0,NZ,scattered clouds,0.0,0,2020-06-21 02:15:57
221,Kununurra,-15.77,128.73,86.0,30,31,18.34,AU,scattered clouds,0.0,0,2020-06-21 02:15:58
222,Male,4.17,73.51,84.2,79,75,11.41,MV,broken clouds,0.0,0,2020-06-21 02:13:06
223,Vestmanna,62.16,-7.17,51.8,93,57,16.11,FO,broken clouds,0.0,0,2020-06-21 02:15:58
224,Nacogdoches,31.6,-94.63,79.0,100,40,4.43,US,light rain,0.0,0,2020-06-21 02:15:58
225,Nemuro,43.32,145.57,57.2,67,75,4.7,JP,broken clouds,0.0,0,2020-06-21 02:14:06
226,Lahuachaca,-17.37,-67.67,42.69,63,0,5.1,BO,clear sky,0.0,0,2020-06-21 02:15:59
227,Port Macquarie,-31.43,152.92,62.01,83,100,8.1,AU,overcast clouds,0.0,0,2020-06-21 02:15:59
228,Mersing,2.43,103.84,75.2,100,20,3.36,MY,few clouds,0.0,0,2020-06-21 02:15:59
229,Megion,61.03,76.11,48.2,93,90,15.66,RU,light intensity drizzle,0.0,0,2020-06-21 02:15:59
230,Mattru,7.62,-11.83,74.12,93,92,1.52,SL,overcast clouds,0.0,0,2020-06-21 02:16:00
231,Estelle,29.85,-90.11,84.2,62,1,5.82,US,clear sky,0.0,0,2020-06-21 02:16:00
232,Watertown,42.37,-71.18,80.01,61,20,11.41,US,few clouds,0.0,0,2020-06-21 02:16:00
233,Kerman,30.28,57.08,73.4,27,3,9.17,IR,clear sky,0.0,0,2020-06-21 02:16:00
234,Verkh-Usugli,52.7,115.17,65.39,40,0,6.6,RU,clear sky,0.0,0,2020-06-21 02:16:01
235,Grand Gaube,-20.01,57.66,69.01,88,15,7.0,MU,moderate rain,1.52,0,2020-06-21 02:16:01
236,Caravelas,-17.71,-39.25,70.47,88,1,4.34,BR,clear sky,0.0,0,2020-06-21 02:16:01
237,Mariental,-24.63,17.97,47.57,49,0,4.99,NA,clear sky,0.0,0,2020-06-21 02:16:01
238,Erenhot,43.65,111.98,89.55,22,100,20.62,CN,overcast clouds,0.0,0,2020-06-21 02:16:02
239,Hambantota,6.12,81.12,80.6,94,75,8.05,LK,broken clouds,0.0,0,2020-06-21 02:16:02
240,Namatanai,-3.67,152.43,84.87,70,48,0.94,PG,light rain,0.99,0,2020-06-21 02:16:02
241,Fare,-16.7,-151.02,80.08,80,81,12.15,PF,light rain,0.26,0,2020-06-21 02:16:02
242,Yellowknife,62.46,-114.35,75.2,29,20,16.11,CA,few clouds,0.0,0,2020-06-21 02:16:03
243,Araxa,-19.59,-46.94,64.4,88,0,9.17,BR,clear sky,0.0,0,2020-06-21 02:14:13
244,Mongo,12.18,18.69,82.2,51,65,4.43,TD,broken clouds,0.0,0,2020-06-21 02:16:03
245,Buala,-8.14,159.59,85.55,69,100,5.73,SB,light rain,0.38,0,2020-06-21 02:16:03
246,Tiarei,-17.53,-149.33,84.2,74,75,9.17,PF,broken clouds,0.0,0,2020-06-21 02:16:04
247,Emporia,38.4,-96.18,80.6,65,75,13.87,US,broken clouds,0.0,0,2020-06-21 02:16:04
248,San Clemente,33.43,-117.61,68.0,81,6,1.01,US,clear sky,0.0,0,2020-06-21 02:12:48
249,Quang Ngai,15.12,108.8,92.5,51,0,1.66,VN,clear sky,0.0,0,2020-06-21 02:16:04
250,Morro Bay,35.37,-120.85,71.01,76,23,3.0,US,few clouds,0.0,0,2020-06-21 02:14:20
251,San Quintin,30.48,-115.95,63.86,75,0,11.72,MX,clear sky,0.0,0,2020-06-21 02:16:05
252,Gat,31.61,34.76,71.01,90,3,5.91,IL,clear sky,0.0,0,2020-06-21 02:13:28
253,Vrangel,42.73,133.08,55.76,95,100,10.45,RU,light rain,0.47,0,2020-06-21 02:16:05
254,Presidencia Roque Saenz Pena,-26.79,-60.44,77.94,58,6,8.3,AR,clear sky,0.0,0,2020-06-21 02:16:06
255,Jensen Beach,27.25,-80.23,82.4,78,40,4.7,US,scattered clouds,0.0,0,2020-06-21 02:16:06
256,Boa Vista,2.82,-60.67,80.6,78,40,9.17,BR,scattered clouds,0.0,0,2020-06-21 02:11:30
257,Whitianga,-36.83,175.7,61.0,88,100,1.99,NZ,moderate rain,2.23,0,2020-06-21 02:16:06
258,Prince Rupert,54.32,-130.32,53.6,81,90,5.82,CA,overcast clouds,0.0,0,2020-06-21 02:16:06
259,Kavaratti,10.57,72.64,84.33,73,100,19.35,IN,moderate rain,1.32,0,2020-06-21 02:16:07
260,Lithakia,37.72,20.83,69.8,83,0,6.93,GR,clear sky,0.0,0,2020-06-21 02:16:07
261,Cabo San Lucas,22.89,-109.91,89.6,35,40,12.75,MX,scattered clouds,0.0,0,2020-06-21 02:15:35
262,Jieshi,22.81,115.83,85.66,77,71,14.45,CN,broken clouds,0.0,0,2020-06-21 02:16:07
263,Taltal,-25.4,-70.48,58.71,69,16,4.05,CL,few clouds,0.0,0,2020-06-21 02:16:08
264,Porosozero,62.72,32.73,44.76,77,0,2.66,RU,clear sky,0.0,0,2020-06-21 02:16:08
265,College,64.86,-147.8,66.2,72,90,6.93,US,shower rain,0.0,0,2020-06-21 02:16:08
266,Surgut,61.25,73.42,50.0,100,75,13.42,RU,broken clouds,0.0,0,2020-06-21 02:16:08
267,Hai Duong,20.93,106.32,87.8,79,75,14.99,VN,broken clouds,0.0,0,2020-06-21 02:13:23
268,Kungurtug,50.6,97.52,56.19,73,97,2.26,RU,light rain,0.22,0,2020-06-21 02:12:08
269,Xining,36.62,101.77,56.93,79,100,3.0,CN,moderate rain,1.17,0,2020-06-21 02:16:09
270,Victoria,22.29,114.16,91.0,76,86,8.99,HK,overcast clouds,0.0,0,2020-06-21 02:15:03
271,Hamilton,39.18,-84.53,81.0,73,20,3.36,US,few clouds,0.0,0,2020-06-21 02:15:23
272,Smithers,54.78,-127.17,66.2,45,40,9.17,CA,scattered clouds,0.0,0,2020-06-21 02:16:10
273,Lat Yao,15.75,99.79,85.6,64,97,1.99,TH,overcast clouds,0.0,0,2020-06-21 02:16:10
274,Acajutla,13.59,-89.83,75.0,97,100,2.71,SV,light rain,0.22,0,2020-06-21 02:16:10
275,Mihail Kogalniceanu,44.37,28.45,64.4,88,55,8.05,RO,light rain,0.99,0,2020-06-21 02:16:10
276,Port-Cartier,50.03,-66.87,57.99,71,75,6.93,CA,broken clouds,0.0,0,2020-06-21 02:16:11
277,Muli,2.92,73.57,83.32,77,98,11.5,MV,overcast clouds,0.0,0,2020-06-21 02:16:11
278,Kysyl-Syr,63.9,122.76,80.94,36,100,4.21,RU,overcast clouds,0.0,0,2020-06-21 02:16:11
279,Anloga,5.79,0.9,73.4,94,20,6.93,GH,few clouds,0.0,0,2020-06-21 02:16:12
280,Mount Isa,-20.73,139.5,73.4,28,0,16.11,AU,clear sky,0.0,0,2020-06-21 02:16:12
281,Moussoro,13.64,16.49,89.01,36,31,4.18,TD,scattered clouds,0.0,0,2020-06-21 02:16:13
282,Nemencine,54.85,25.48,64.0,100,100,5.82,LT,overcast clouds,0.0,0,2020-06-21 02:16:13
283,Melo,-32.37,-54.18,62.4,97,96,7.23,UY,moderate rain,1.05,0,2020-06-21 02:16:13
284,La Joya,18.67,-99.47,71.06,84,100,5.7,MX,heavy intensity rain,4.01,0,2020-06-21 02:16:14
285,Gushikawa,26.35,127.87,87.8,84,20,18.34,JP,few clouds,0.0,0,2020-06-21 02:16:14
286,Kapit,2.02,112.93,86.36,67,55,1.05,MY,broken clouds,0.0,0,2020-06-21 02:16:15
287,Caraquet,47.79,-64.94,53.6,87,20,2.24,CA,few clouds,0.0,0,2020-06-21 02:15:22
288,Mozarlandia,-14.74,-50.57,71.94,52,97,3.15,BR,overcast clouds,0.0,0,2020-06-21 02:16:15
289,Harper,4.38,-7.72,77.07,86,93,8.97,LR,light rain,0.25,0,2020-06-21 02:16:15
290,Zhob,31.34,69.45,80.44,35,0,6.85,PK,clear sky,0.0,0,2020-06-21 02:16:16
291,Arvin,35.21,-118.83,98.01,21,0,8.01,US,clear sky,0.0,0,2020-06-21 02:16:16
292,Sitka,57.05,-135.33,50.0,87,75,5.66,US,light rain,0.0,0,2020-06-21 02:12:31
293,Berbera,10.44,45.01,91.08,41,100,23.38,SO,overcast clouds,0.0,0,2020-06-21 02:16:16
294,Riyadh,24.69,46.72,84.2,30,73,3.6,SA,broken clouds,0.0,0,2020-06-21 02:16:17
295,Henties Bay,-22.12,14.28,59.0,45,17,5.57,NA,few clouds,0.0,0,2020-06-21 02:12:11
296,Southbridge,42.08,-72.03,73.0,84,32,3.0,US,moderate rain,1.14,0,2020-06-21 02:16:18
297,Santa Rosa,14.31,121.11,91.0,74,20,5.82,PH,few clouds,0.0,0,2020-06-21 02:16:18
298,Vardo,70.37,31.11,45.01,81,0,5.97,NO,clear sky,0.0,0,2020-06-21 02:16:18
299,Yerofey Pavlovich,53.97,121.97,59.77,83,21,8.14,RU,moderate rain,1.31,0,2020-06-21 02:16:19
300,Antalaha,-14.9,50.28,73.62,92,96,11.77,MG,moderate rain,1.11,0,2020-06-21 02:16:19
301,Luganville,-15.53,167.17,78.49,80,97,13.6,VU,light rain,0.24,0,2020-06-21 02:16:20
302,Taoudenni,22.68,-3.98,98.04,9,1,7.61,ML,clear sky,0.0,0,2020-06-21 02:16:20
303,Cockburn Town,21.46,-71.14,82.67,80,46,18.75,TC,scattered clouds,0.0,0,2020-06-21 02:16:20
304,Ca Mau,9.18,105.15,84.97,75,100,2.71,VN,moderate rain,1.28,0,2020-06-21 02:16:21
305,Kautokeino,69.01,23.04,56.19,63,0,9.93,NO,clear sky,0.0,0,2020-06-21 02:16:21
306,Padang,-0.95,100.35,84.34,60,99,0.31,ID,overcast clouds,0.0,0,2020-06-21 02:16:21
307,Georgetown,5.41,100.34,86.0,83,20,5.82,MY,few clouds,0.0,0,2020-06-21 02:16:21
308,Toktogul,41.87,72.94,67.6,42,0,0.45,KG,clear sky,0.0,0,2020-06-21 02:16:22
309,Turinsk,58.05,63.7,45.45,75,0,7.74,RU,clear sky,0.0,0,2020-06-21 02:16:22
310,Douglas,41.3,-96.17,78.01,69,1,4.14,US,clear sky,0.0,0,2020-06-21 02:15:11
311,Vila Velha,-20.33,-40.29,73.4,78,0,13.87,BR,clear sky,0.0,0,2020-06-21 02:12:30
312,Goderich,43.75,-81.72,73.99,66,100,11.56,CA,overcast clouds,0.0,0,2020-06-21 02:16:04
313,Chokurdakh,70.63,147.92,91.18,17,0,8.16,RU,clear sky,0.0,0,2020-06-21 02:16:23
314,Lazaro Cardenas,17.96,-102.2,81.64,67,100,1.72,MX,overcast clouds,0.0,0,2020-06-21 02:16:23
315,Marfino,55.7,37.38,59.0,87,75,11.18,RU,broken clouds,0.0,0,2020-06-21 02:16:24
316,Antofagasta,-23.65,-70.4,57.2,76,75,5.82,CL,broken clouds,0.0,0,2020-06-21 02:16:24
317,Sabzevar,36.21,57.68,84.34,13,67,16.93,IR,broken clouds,0.0,0,2020-06-21 02:16:24
318,Broome,42.25,-75.83,69.01,88,90,4.7,US,overcast clouds,0.0,0,2020-06-21 02:16:24
319,Sambava,-14.27,50.17,74.46,90,100,14.54,MG,moderate rain,2.17,0,2020-06-21 02:16:25
320,Ixtapa,20.7,-105.2,82.4,65,40,9.17,MX,scattered clouds,0.0,0,2020-06-21 02:16:25
321,San Cristobal,7.77,-72.22,64.89,90,62,3.69,VE,broken clouds,0.0,0,2020-06-21 02:16:25
322,Saint-Augustin,51.23,-58.65,43.29,79,73,10.25,CA,broken clouds,0.0,0,2020-06-21 02:16:26
323,Itaituba,-4.28,-55.98,73.96,92,65,1.57,BR,light rain,0.17,0,2020-06-21 02:16:26
324,Vestmannaeyjar,63.44,-20.27,51.21,84,100,20.76,IS,overcast clouds,0.0,0,2020-06-21 02:16:26
325,Deulgaon Raja,20.02,76.03,75.2,88,40,3.36,IN,scattered clouds,0.0,0,2020-06-21 02:16:26
326,Okhtyrka,50.31,34.9,63.72,90,96,11.21,UA,overcast clouds,0.0,0,2020-06-21 02:16:27
327,Saldanha,-33.01,17.94,57.2,93,0,9.17,ZA,light rain,0.17,0,2020-06-21 02:16:27
328,Karratha,-20.74,116.85,75.83,29,0,21.47,AU,clear sky,0.0,0,2020-06-21 02:15:14
329,Zyryanka,65.75,150.85,87.28,23,0,16.96,RU,clear sky,0.0,0,2020-06-21 02:16:28
330,Raudeberg,61.99,5.14,62.01,91,100,3.29,NO,light rain,0.51,0,2020-06-21 02:16:28
331,Campos Altos,-19.7,-46.17,58.78,84,0,2.39,BR,clear sky,0.0,0,2020-06-21 02:16:28
332,Andra,62.51,65.89,45.7,71,41,6.4,RU,scattered clouds,0.0,0,2020-06-21 02:12:05
333,Minervino Murge,41.08,16.08,66.99,77,0,11.41,IT,clear sky,0.0,0,2020-06-21 02:16:28
334,Inhambane,-23.86,35.38,62.22,87,0,6.33,MZ,clear sky,0.0,0,2020-06-21 02:16:29
335,Vershino-Darasunskiy,52.35,115.52,63.72,43,0,7.27,RU,clear sky,0.0,0,2020-06-21 02:16:29
336,Sovetskiy,61.36,63.58,43.14,78,97,8.16,RU,overcast clouds,0.0,0,2020-06-21 02:16:29
337,Pacific Grove,36.62,-121.92,59.0,82,90,8.05,US,overcast clouds,0.0,0,2020-06-21 02:16:29
338,Nelson Bay,-32.72,152.15,55.99,93,90,8.14,AU,light intensity shower rain,0.0,0,2020-06-21 02:16:30
339,Nishihara,26.18,127.76,87.8,74,75,19.46,JP,broken clouds,0.0,0,2020-06-21 02:11:57
340,Severnyy,50.68,36.55,68.0,68,40,6.71,RU,scattered clouds,0.0,0,2020-06-21 02:16:31
341,Noumea,-22.28,166.46,75.2,47,0,5.82,NC,clear sky,0.0,0,2020-06-21 02:16:31
342,Ewo,-0.87,14.82,74.37,80,84,6.26,CG,broken clouds,0.0,0,2020-06-21 02:16:31
343,Airai,-8.93,125.41,69.53,63,0,4.59,TL,clear sky,0.0,0,2020-06-21 02:16:31
344,Maba,24.68,113.6,86.7,71,100,6.8,CN,light rain,0.15,0,2020-06-21 02:16:32
345,Kasempa,-13.46,25.83,47.5,77,0,5.37,ZM,clear sky,0.0,0,2020-06-21 02:16:33
346,Ljungby,56.83,13.94,63.0,100,35,6.93,SE,scattered clouds,0.0,0,2020-06-21 02:16:33
347,Yozgat,39.58,35.33,52.72,85,7,3.44,TR,clear sky,0.0,0,2020-06-21 02:12:32
348,Muros,42.78,-9.06,64.0,87,91,10.0,ES,light rain,0.12,0,2020-06-21 02:12:05
349,Khor,47.89,134.95,60.33,87,100,9.44,RU,moderate rain,1.15,0,2020-06-21 02:12:07
350,Southport,53.65,-3.01,55.0,88,100,1.99,GB,moderate rain,2.13,0,2020-06-21 02:16:34
351,Kutoarjo,-7.72,109.91,68.0,63,75,5.75,ID,broken clouds,0.0,0,2020-06-21 02:16:35
352,Ponta Do Sol,32.67,-17.1,69.8,73,40,16.11,PT,scattered clouds,0.0,0,2020-06-21 02:16:35
353,Kaeo,-35.1,173.78,61.0,3,69,5.01,NZ,broken clouds,0.0,0,2020-06-21 02:16:35
354,Tezu,27.92,96.17,83.68,81,37,1.48,IN,moderate rain,1.29,0,2020-06-21 02:11:45
355,Manzil Salim,35.86,8.48,59.0,67,0,4.7,TN,clear sky,0.0,0,2020-06-21 02:16:36
356,Griffith,41.53,-87.42,77.0,69,40,14.99,US,scattered clouds,0.0,0,2020-06-21 02:12:54
357,Nome,64.5,-165.41,64.4,68,75,14.99,US,broken clouds,0.0,0,2020-06-21 02:16:37
358,Kota Kinabalu,5.97,116.07,84.99,83,20,3.36,MY,few clouds,0.0,0,2020-06-21 02:16:18
359,Camacha,33.08,-16.33,68.0,72,40,9.17,PT,scattered clouds,0.0,0,2020-06-21 02:16:37
360,Abnub,27.27,31.15,73.4,46,0,8.05,EG,clear sky,0.0,0,2020-06-21 02:16:38
361,Vila,42.03,-8.16,51.01,90,27,1.01,PT,scattered clouds,0.0,0,2020-06-21 02:16:38
362,Cayenne,4.93,-52.33,78.8,94,75,5.82,GF,light rain,0.0,0,2020-06-21 02:16:38
363,Bahia Blanca,-38.72,-62.27,50.72,48,29,5.61,AR,scattered clouds,0.0,0,2020-06-21 02:14:15
364,Kihei,20.79,-156.47,89.6,43,40,21.92,US,scattered clouds,0.0,0,2020-06-21 02:16:39
365,Solnechnyy,50.72,136.63,62.47,52,100,6.42,RU,overcast clouds,0.0,0,2020-06-21 02:16:40
366,Lewisporte,49.25,-55.05,43.0,93,20,5.82,CA,few clouds,0.0,0,2020-06-21 02:16:40
367,Asadabad,34.78,48.12,53.8,40,0,1.01,IR,clear sky,0.0,0,2020-06-21 02:16:40
368,Matamoros,25.53,-103.25,96.8,19,75,8.05,MX,broken clouds,0.0,0,2020-06-21 02:16:40
369,Ponta Delgada,37.73,-25.67,64.4,93,75,8.05,PT,broken clouds,0.0,0,2020-06-21 02:16:41
370,Hirara,24.8,125.28,87.8,74,75,17.22,JP,broken clouds,0.0,0,2020-06-21 02:16:41
371,Constitucion,-35.33,-72.42,52.95,87,19,1.86,CL,few clouds,0.0,0,2020-06-21 02:16:41
372,Ambilobe,-13.2,49.05,69.44,93,5,2.48,MG,clear sky,0.0,0,2020-06-21 02:16:42
373,Sorong,-0.88,131.25,84.74,70,0,7.14,ID,clear sky,0.0,0,2020-06-21 02:16:42
374,Palmer,42.16,-72.33,75.0,63,66,4.65,US,light rain,0.43,0,2020-06-21 02:16:43
375,Yenagoa,4.92,6.26,74.35,94,100,3.36,NG,light rain,0.38,0,2020-06-21 02:16:43
376,Clyde River,70.47,-68.59,35.6,93,1,4.43,CA,clear sky,0.0,0,2020-06-21 02:16:43
377,Pevek,69.7,170.31,43.83,71,51,6.24,RU,broken clouds,0.0,0,2020-06-21 02:16:44
378,Arys,42.43,68.8,68.0,45,0,2.24,KZ,clear sky,0.0,0,2020-06-21 02:16:44
379,Saint Anthony,45.02,-93.22,71.01,56,1,3.36,US,clear sky,0.0,0,2020-06-21 02:16:45
380,Sehore,23.2,77.08,79.57,78,97,11.16,IN,overcast clouds,0.0,0,2020-06-21 02:16:45
381,Lasa,46.62,10.7,51.8,76,40,9.17,IT,scattered clouds,0.0,0,2020-06-21 02:11:57
382,Whitehorse,60.72,-135.05,66.2,42,75,12.75,CA,shower rain,0.0,0,2020-06-21 02:16:45
383,Linhares,-19.39,-40.07,67.64,88,0,2.24,BR,clear sky,0.0,0,2020-06-21 02:16:45
384,Brae,60.4,-1.35,53.6,93,13,21.92,GB,few clouds,0.0,0,2020-06-21 02:16:46
385,Eyl,7.98,49.82,81.5,56,100,23.29,SO,overcast clouds,0.0,0,2020-06-21 02:16:46
386,Abonnema,4.71,6.79,75.2,94,75,3.36,NG,thunderstorm,0.0,0,2020-06-21 02:16:46
387,Hofn,64.25,-15.21,50.92,88,100,11.99,IS,overcast clouds,0.0,0,2020-06-21 02:16:46
388,Pangnirtung,66.15,-65.71,43.88,62,0,2.08,CA,clear sky,0.0,0,2020-06-21 02:16:47
389,Odweyne,9.41,45.06,72.23,60,50,15.12,SO,scattered clouds,0.0,0,2020-06-21 02:16:47
390,Coihueco,-36.62,-71.83,48.2,100,75,6.93,CL,broken clouds,0.0,0,2020-06-21 02:16:48
391,Tulsipur,28.13,82.3,81.0,81,100,1.01,NP,light rain,0.95,0,2020-06-21 02:16:48
392,Colares,38.8,-9.45,64.99,88,0,15.01,PT,clear sky,0.0,0,2020-06-21 02:16:48
393,Azare,11.68,10.19,81.01,53,0,10.36,NG,clear sky,0.0,0,2020-06-21 02:16:48
394,Manggar,-2.88,108.27,81.91,80,100,10.98,ID,moderate rain,2.24,0,2020-06-21 02:16:49
395,Charters Towers,-20.1,146.27,71.51,59,54,9.84,AU,broken clouds,0.0,0,2020-06-21 02:16:49
396,Cherskiy,68.75,161.3,84.6,22,69,7.02,RU,broken clouds,0.0,0,2020-06-21 02:16:50
397,Tarko-Sale,64.92,77.78,48.99,85,100,19.89,RU,heavy intensity rain,4.06,0,2020-06-21 02:16:50
398,Shar,49.59,81.05,53.58,44,26,4.45,KZ,scattered clouds,0.0,0,2020-06-21 02:16:50
399,Birao,10.28,22.79,76.32,76,0,7.38,CF,clear sky,0.0,0,2020-06-21 02:16:50
400,Buenos Aires,-34.61,-58.38,55.4,87,75,11.41,AR,thunderstorm with light rain,3.56,0,2020-06-21 02:16:50
401,Bagdarin,54.43,113.6,66.2,43,35,4.79,RU,scattered clouds,0.0,0,2020-06-21 02:16:51
402,Saint-Pierre,-21.34,55.48,68.0,72,90,8.05,RE,overcast clouds,0.0,0,2020-06-21 02:16:51
403,Lakes Entrance,-37.88,147.98,57.99,68,3,1.01,AU,clear sky,0.0,0,2020-06-21 02:16:51
404,Teya,60.38,92.63,44.42,86,100,4.36,RU,light rain,0.6,0,2020-06-21 02:16:51
405,Sakata,38.92,139.85,69.8,60,40,8.05,JP,scattered clouds,0.0,0,2020-06-21 02:16:52
406,Longyearbyen,78.22,15.64,37.4,86,75,13.87,SJ,broken clouds,0.0,0,2020-06-21 02:16:40
407,Jalu,29.03,21.55,76.8,48,0,11.1,LY,clear sky,0.0,0,2020-06-21 02:16:53
408,Pachperwa,27.52,82.65,78.78,83,100,3.85,IN,light rain,0.14,0,2020-06-21 02:16:53
409,Agua Branca,-5.89,-42.64,75.9,61,12,6.02,BR,few clouds,0.0,0,2020-06-21 02:16:54
410,Kahului,20.89,-156.47,89.6,43,40,21.92,US,scattered clouds,0.0,0,2020-06-21 02:16:54
411,Sulangan,11.14,123.72,84.4,74,93,7.99,PH,light rain,0.19,0,2020-06-21 02:16:54
412,Fort Nelson,58.81,-122.7,77.0,44,75,5.82,CA,broken clouds,0.0,0,2020-06-21 02:16:08
413,Arcata,40.87,-124.08,66.0,87,1,8.05,US,clear sky,0.0,0,2020-06-21 02:16:55
414,Bushehr,28.97,50.84,86.0,55,0,4.7,IR,clear sky,0.0,0,2020-06-21 02:16:55
415,Mogadishu,2.04,45.34,78.17,82,1,19.71,SO,clear sky,0.0,0,2020-06-21 02:16:55
416,Kalabo,-14.97,22.68,47.44,57,0,5.26,ZM,clear sky,0.0,0,2020-06-21 02:16:55
417,Kantunilkin,21.09,-87.45,82.4,78,20,5.82,MX,few clouds,0.0,0,2020-06-21 02:16:56
418,Khandyga,62.67,135.6,76.82,41,22,3.11,RU,few clouds,0.0,0,2020-06-21 02:16:56
419,Vallenar,-28.57,-70.76,62.49,49,0,1.92,CL,clear sky,0.0,0,2020-06-21 02:16:56
420,Birin,26.89,88.07,70.34,87,1,3.29,NP,clear sky,0.0,0,2020-06-21 02:16:56
421,Carauari,-4.88,-66.9,73.89,91,13,0.94,BR,few clouds,0.0,0,2020-06-21 02:16:57
422,Bolkhov,53.44,36.0,62.22,97,25,8.5,RU,light rain,0.57,0,2020-06-21 02:16:57
423,Lompoc,34.64,-120.46,61.0,77,12,12.75,US,few clouds,0.0,0,2020-06-21 02:16:57
424,Shingu,33.73,135.98,75.2,69,75,2.24,JP,broken clouds,0.0,0,2020-06-21 02:16:58
425,Mnogovershinnyy,53.94,139.92,51.67,69,39,8.43,RU,scattered clouds,0.0,0,2020-06-21 02:16:58
426,Ust-Kuyga,70.02,135.6,87.84,25,5,5.28,RU,clear sky,0.0,0,2020-06-21 02:12:06
427,Lokosovo,61.13,74.82,52.39,94,100,9.71,RU,light rain,0.2,0,2020-06-21 02:16:59
428,Orlik,52.52,99.83,62.2,51,80,1.43,RU,broken clouds,0.0,0,2020-06-21 02:16:59
429,Tshikapa,-6.42,20.8,65.88,44,0,2.39,CD,clear sky,0.0,0,2020-06-21 02:16:59
430,Baykit,61.67,96.37,67.19,46,76,2.37,RU,broken clouds,0.0,0,2020-06-21 02:17:00
431,Safita,34.82,36.12,71.6,88,40,11.41,SY,scattered clouds,0.0,0,2020-06-21 02:17:00
432,La Paz,-16.5,-68.15,37.4,34,0,2.24,BO,clear sky,0.0,0,2020-06-21 02:17:00
433,Akim Swedru,5.89,-1.02,72.95,96,99,1.21,GH,overcast clouds,0.0,0,2020-06-21 02:17:00
434,Acapulco,16.86,-99.89,86.0,70,75,2.84,MX,broken clouds,0.0,0,2020-06-21 02:15:42
435,Sorland,67.67,12.69,58.1,69,45,9.69,NO,scattered clouds,0.0,0,2020-06-21 02:17:01
436,Kuching,1.55,110.33,80.6,88,20,2.24,MY,few clouds,0.0,0,2020-06-21 02:14:35
437,Basco,20.45,121.97,84.78,75,87,8.37,PH,overcast clouds,0.0,0,2020-06-21 02:17:01
438,Emerald,-23.53,148.17,72.0,64,47,10.29,AU,scattered clouds,0.0,0,2020-06-21 02:12:05
439,Komsomolskiy,40.43,71.72,71.6,30,0,6.93,UZ,clear sky,0.0,0,2020-06-21 02:17:01
440,Maihar,24.27,80.75,86.09,66,80,9.55,IN,broken clouds,0.0,0,2020-06-21 02:17:02
441,Thomaston,32.89,-84.33,78.01,73,1,3.49,US,clear sky,0.0,0,2020-06-21 02:17:02
442,Nuuk,64.18,-51.72,37.4,93,100,9.17,GL,haze,0.0,0,2020-06-21 02:17:02
443,Bahraich,27.58,81.6,81.0,81,100,1.01,IN,light rain,0.31,0,2020-06-21 02:17:03
444,San Ramon,37.78,-121.98,73.99,49,1,11.41,US,clear sky,0.0,0,2020-06-21 02:15:12
445,Sakaiminato,35.55,133.23,73.4,73,75,14.99,JP,broken clouds,0.0,0,2020-06-21 02:17:03
446,Disna,55.57,28.2,63.21,97,99,8.03,BY,overcast clouds,0.0,0,2020-06-21 02:17:03
447,Lalawigan,11.59,125.47,85.78,69,99,7.81,PH,light rain,0.37,0,2020-06-21 02:17:03
448,Batticaloa,7.71,81.69,82.62,67,100,5.59,LK,overcast clouds,0.0,0,2020-06-21 02:14:02
449,Devaprayag,30.15,78.62,73.4,83,75,3.36,IN,mist,0.0,0,2020-06-21 02:17:04
450,Bubaque,11.28,-15.83,81.72,79,99,11.41,GW,overcast clouds,0.0,0,2020-06-21 02:17:04
451,Valparaiso,-33.04,-71.63,55.4,93,90,3.36,CL,overcast clouds,0.0,0,2020-06-21 02:13:29
452,Praia Da Vitoria,38.73,-27.07,64.4,88,20,5.19,PT,few clouds,0.0,0,2020-06-21 02:17:05
453,Braesti,47.15,27.1,66.2,88,90,4.7,RO,overcast clouds,0.0,0,2020-06-21 02:17:05
454,Hualmay,-11.1,-77.61,61.48,85,29,7.58,PE,scattered clouds,0.0,0,2020-06-21 02:17:05
455,Kismayo,-0.36,42.55,78.21,80,58,18.07,SO,broken clouds,0.0,0,2020-06-21 02:17:05
456,Jizan,17.33,42.67,93.2,52,94,3.36,SA,overcast clouds,0.0,0,2020-06-21 02:17:06
457,Villavicencio,4.14,-73.63,71.62,80,90,3.27,CO,overcast clouds,0.0,0,2020-06-21 02:14:16
458,Los Llanos De Aridane,28.66,-17.92,71.6,64,90,14.99,ES,overcast clouds,0.0,0,2020-06-21 02:17:06
459,Ingham,42.6,-84.38,80.6,65,1,6.93,US,clear sky,0.0,0,2020-06-21 02:17:06
460,Iralaya,15.0,-83.23,81.14,85,3,10.89,HN,light rain,0.65,0,2020-06-21 02:17:07
461,Samdari,25.82,72.58,88.11,64,1,15.26,IN,clear sky,0.0,0,2020-06-21 02:17:07
462,Hayden,47.77,-116.79,62.6,82,90,8.05,US,light rain,0.34,0,2020-06-21 02:17:07
463,Vung Tau,10.35,107.08,81.86,75,100,4.61,VN,overcast clouds,0.0,0,2020-06-21 02:17:07
464,Melita,49.27,-101.0,57.99,64,25,14.0,CA,scattered clouds,0.0,0,2020-06-21 02:17:08
465,Richards Bay,-28.78,32.04,58.32,81,0,5.88,ZA,clear sky,0.0,0,2020-06-21 02:17:08
466,Beringovskiy,63.05,179.32,45.86,59,0,9.19,RU,clear sky,0.0,0,2020-06-21 02:17:08
467,Serowe,-22.38,26.72,45.66,64,0,1.66,BW,clear sky,0.0,0,2020-06-21 02:17:08
468,Pochutla,15.74,-96.47,80.01,85,100,2.19,MX,overcast clouds,0.0,0,2020-06-21 02:17:08
469,Kangaba,11.93,-8.42,79.93,64,1,3.89,ML,light rain,0.21,0,2020-06-21 02:17:09
470,Prainha,-1.8,-53.48,74.17,94,12,2.13,BR,few clouds,0.0,0,2020-06-21 02:17:09
471,Anchorage,61.22,-149.9,64.4,48,40,8.05,US,light rain,0.76,0,2020-06-21 02:12:23
472,Laguna,38.42,-121.42,84.0,39,1,10.29,US,clear sky,0.0,0,2020-06-21 02:17:10
473,Takhli,15.26,100.34,93.0,64,24,6.38,TH,few clouds,0.0,0,2020-06-21 02:17:10
474,Jackson,42.42,-122.83,82.4,37,75,14.99,US,broken clouds,0.0,0,2020-06-21 02:15:06
475,Zheleznodorozhnyy,55.75,38.0,59.0,82,75,13.42,RU,broken clouds,0.0,0,2020-06-21 02:17:10
476,The Valley,18.22,-63.06,84.2,79,40,11.41,AI,scattered clouds,0.0,0,2020-06-21 02:12:13
477,Hulan,45.98,126.6,71.01,81,56,7.07,CN,broken clouds,0.0,0,2020-06-21 02:17:11
478,San Jeronimo,-11.95,-75.28,47.26,71,21,3.51,PE,few clouds,0.0,0,2020-06-21 02:17:11
479,Bhatapara,21.73,81.93,77.0,94,75,10.29,IN,mist,0.0,0,2020-06-21 02:17:11
480,Alamogordo,32.9,-105.96,91.0,7,1,5.82,US,clear sky,0.0,0,2020-06-21 02:13:06
481,Tarakan,3.3,117.63,82.13,74,90,6.08,ID,light rain,0.32,0,2020-06-21 02:17:12
482,Hami,42.8,93.45,81.23,19,98,20.07,CN,overcast clouds,0.0,0,2020-06-21 02:17:12
483,Suntar,62.14,117.63,77.11,46,49,6.26,RU,scattered clouds,0.0,0,2020-06-21 02:17:12
484,Mandalgovi,45.76,106.27,72.64,48,98,12.73,MN,overcast clouds,0.0,0,2020-06-21 02:17:13
485,Ishigaki,24.34,124.16,87.8,84,75,16.11,JP,broken clouds,0.0,0,2020-06-21 02:17:13
486,Ada,43.42,-116.13,82.99,30,1,4.7,US,clear sky,0.0,0,2020-06-21 02:17:13
487,Halifax,44.65,-63.57,63.0,69,14,4.0,CA,few clouds,0.0,0,2020-06-21 02:15:13
488,Sabang,5.89,95.32,83.14,73,96,8.9,ID,overcast clouds,0.0,0,2020-06-21 02:17:13
489,Beloha,-25.17,45.05,66.15,74,65,4.59,MG,broken clouds,0.0,0,2020-06-21 02:17:14
490,Deputatskiy,69.3,139.9,82.24,21,0,8.25,RU,clear sky,0.0,0,2020-06-21 02:17:14
491,Blagoveshchensk,50.27,127.53,57.2,93,75,15.66,RU,mist,0.0,0,2020-06-21 02:17:14
492,Hasaki,35.73,140.83,79.0,78,75,10.29,JP,broken clouds,0.0,0,2020-06-21 02:17:15
493,Quatre Cocos,-20.21,57.76,69.01,100,75,12.75,MU,light intensity shower rain,0.0,0,2020-06-21 02:17:15
494,Garissa,-0.45,39.64,73.83,62,59,13.0,KE,broken clouds,0.0,0,2020-06-21 02:17:15
495,Numaran,20.25,-101.93,70.34,66,100,3.27,MX,light rain,0.21,0,2020-06-21 02:17:16
496,Kasongo-Lunda,-6.47,16.82,62.92,47,0,0.34,CD,clear sky,0.0,0,2020-06-21 02:17:16
497,Dinguiraye,11.3,-10.72,73.89,86,28,2.71,GN,scattered clouds,0.0,0,2020-06-21 02:17:16
498,Floro,61.6,5.03,60.8,93,100,6.93,NO,light rain,0.18,0,2020-06-21 02:17:16
499,Gedo,9.02,37.45,50.49,100,28,1.34,ET,scattered clouds,0.0,0,2020-06-21 02:17:17
500,Kimbe,-5.55,150.14,89.91,58,16,3.89,PG,few clouds,0.0,0,2020-06-21 02:17:17
501,Leningradskiy,69.38,178.42,59.05,45,0,4.12,RU,clear sky,0.0,0,2020-06-21 02:17:17
502,Osvaldo Cruz,-21.8,-50.88,73.4,43,0,6.93,BR,clear sky,0.0,0,2020-06-21 02:13:44
503,Fangshan,39.7,115.99,95.0,43,0,6.78,CN,clear sky,0.0,0,2020-06-21 02:17:18
504,Pangkalanbuun,-2.68,111.62,82.74,73,100,4.16,ID,overcast clouds,0.0,0,2020-06-21 02:17:18
505,Alice Springs,-23.7,133.88,59.0,33,0,9.17,AU,clear sky,0.0,0,2020-06-21 02:14:18
506,Tottori,35.5,134.23,71.6,68,40,14.99,JP,scattered clouds,0.0,0,2020-06-21 02:14:16
507,Velykoploske,47.01,29.67,62.6,93,88,3.36,UA,overcast clouds,0.0,0,2020-06-21 02:17:19
508,Salta,-24.79,-65.41,53.6,87,0,6.93,AR,clear sky,0.0,0,2020-06-21 02:17:19
509,Mathbaria,22.29,89.96,87.28,70,60,10.47,BD,light rain,0.77,0,2020-06-21 02:17:19
510,Limbang,4.75,115.0,84.2,74,75,2.24,MY,broken clouds,0.0,0,2020-06-21 02:17:19
511,Nipawin,53.37,-104.0,51.8,76,75,10.29,CA,light rain,0.0,0,2020-06-21 02:17:20
512,Khani,41.96,42.96,62.6,93,90,2.24,GE,overcast clouds,0.0,0,2020-06-21 02:17:20
513,Cap Malheureux,-19.98,57.61,69.01,88,11,7.0,MU,moderate rain,1.52,0,2020-06-21 02:17:21
514,Gari,59.43,62.35,47.62,63,52,12.8,RU,broken clouds,0.0,0,2020-06-21 02:17:21
515,Calabar,4.95,8.32,73.94,96,100,2.64,NG,light rain,0.96,0,2020-06-21 02:17:21
516,Seredka,58.16,28.19,59.0,77,0,6.71,RU,clear sky,0.0,0,2020-06-21 02:17:22
517,Bourail,-21.57,165.48,73.26,50,0,6.29,NC,clear sky,0.0,0,2020-06-21 02:17:22
518,Torbat-E Jam,35.24,60.62,79.83,15,0,2.59,IR,clear sky,0.0,0,2020-06-21 02:17:22
519,Kavieng,-2.57,150.8,85.37,66,7,1.57,PG,clear sky,0.0,0,2020-06-21 02:17:22
520,North Platte,41.12,-100.77,77.0,50,1,3.36,US,clear sky,0.0,0,2020-06-21 02:17:22
521,Kita,13.03,-9.49,80.92,68,29,2.84,ML,light rain,0.27,0,2020-06-21 02:17:23
522,Zehdenick,52.98,13.33,57.99,99,97,9.82,DE,overcast clouds,0.0,0,2020-06-21 02:17:23
523,Vegreville,53.5,-112.05,62.47,68,0,8.43,CA,clear sky,0.0,0,2020-06-21 02:16:08
524,Chiredzi,-21.05,31.67,54.1,69,0,3.29,ZW,clear sky,0.0,0,2020-06-21 02:17:23
525,Borujerd,33.9,48.75,56.37,36,0,3.62,IR,clear sky,0.0,0,2020-06-21 02:17:24
526,Havelock,34.88,-76.9,73.4,83,40,4.94,US,light rain,0.59,0,2020-06-21 02:13:47
527,Saint Helens,53.45,-2.73,55.99,93,100,17.22,GB,moderate rain,3.56,0,2020-06-21 02:17:24
528,Manakara,-22.13,48.02,67.23,91,100,8.12,MG,light rain,0.95,0,2020-06-21 02:17:24
529,Sur,22.57,59.53,85.17,66,44,10.33,OM,scattered clouds,0.0,0,2020-06-21 02:17:24
530,Santa Isabel Do Rio Negro,-0.41,-65.02,73.53,97,100,1.79,BR,overcast clouds,0.0,0,2020-06-21 02:17:25
531,Lardos,36.09,28.02,77.0,53,17,4.7,GR,few clouds,0.0,0,2020-06-21 02:17:25
532,Labuhan,-6.88,112.21,82.76,69,3,8.55,ID,clear sky,0.0,0,2020-06-21 02:17:25
533,Honiara,-9.43,159.95,87.8,70,75,17.22,SB,broken clouds,0.0,0,2020-06-21 02:17:25
534,Hobyo,5.35,48.53,78.57,69,37,22.86,SO,scattered clouds,0.0,0,2020-06-21 02:17:24
535,Jacareacanga,-6.22,-57.75,79.23,67,68,1.86,BR,broken clouds,0.0,0,2020-06-21 02:17:26
536,Te Anau,-45.42,167.72,45.28,62,1,0.69,NZ,clear sky,0.0,0,2020-06-21 02:17:26
537,Saryozek,44.36,77.98,60.62,31,0,3.11,KZ,clear sky,0.0,0,2020-06-21 02:17:26
538,Oyem,1.6,11.58,66.65,99,83,3.06,GA,broken clouds,0.0,0,2020-06-21 02:17:27
539,Neuquen,-38.95,-68.06,53.6,54,43,6.93,AR,scattered clouds,0.0,0,2020-06-21 02:17:27
540,Saint-Francois,46.42,3.91,51.8,87,0,2.24,FR,clear sky,0.0,0,2020-06-21 02:17:27
541,Parfenyevo,58.48,43.41,44.98,75,0,6.46,RU,clear sky,0.0,0,2020-06-21 02:17:27
542,Vredendal,-31.67,18.5,54.43,90,17,3.6,ZA,few clouds,0.0,0,2020-06-21 02:17:28
543,Nawa,27.02,75.0,90.63,48,0,18.05,IN,clear sky,0.0,0,2020-06-21 02:17:28
544,Port Lincoln,-34.73,135.87,56.28,65,91,18.07,AU,overcast clouds,0.0,0,2020-06-21 02:17:28
545,Marsh Harbour,26.54,-77.06,80.94,80,47,5.64,BS,scattered clouds,0.0,0,2020-06-21 02:15:00
546,Iracoubo,5.48,-53.2,78.15,87,100,8.72,GF,light rain,0.94,0,2020-06-21 02:17:29
547,Jacksonville Beach,30.29,-81.39,78.8,83,1,5.82,US,clear sky,0.0,0,2020-06-21 02:17:29
548,Vao,-22.67,167.48,68.54,61,0,12.17,NC,clear sky,0.0,0,2020-06-21 02:17:29
549,Evanton,57.66,-4.34,57.99,71,85,3.36,GB,overcast clouds,0.0,0,2020-06-21 02:17:29
550,Lamar,33.67,-95.58,84.2,51,1,5.82,US,clear sky,0.0,0,2020-06-21 02:17:30
551,Olinda,-8.01,-34.86,78.8,83,75,11.41,BR,shower rain,0.0,0,2020-06-21 02:13:23
552,Camana,-16.62,-72.71,61.38,77,1,6.2,PE,clear sky,0.0,0,2020-06-21 02:17:30
553,Hovd,48.01,91.64,63.75,29,100,12.24,MN,overcast clouds,0.0,0,2020-06-21 02:14:51
554,Aksu,41.12,80.26,75.72,20,0,5.12,CN,clear sky,0.0,0,2020-06-21 02:17:31
555,Jos,9.92,8.9,65.79,83,44,5.26,NG,scattered clouds,0.0,0,2020-06-21 02:14:31
556,Togitsu,32.83,129.85,73.4,83,75,3.36,JP,broken clouds,0.0,0,2020-06-21 02:17:31
557,Mahajanga,-15.72,46.32,71.6,78,40,6.93,MG,scattered clouds,0.0,0,2020-06-21 02:17:31
558,Igrim,63.19,64.42,47.1,70,9,4.05,RU,clear sky,0.0,0,2020-06-21 02:17:31
559,Aguimes,27.91,-15.45,71.6,64,75,25.28,ES,broken clouds,0.0,0,2020-06-21 02:17:32
